Upload an audio file,Context (optional),Select a Whisper model for audio-to-text conversion,Select a model for summarization,Summary,Download Transcript,timestamp
.gradio\flagged\Upload an audio file\7f28db2c89bf991832e8\sample_meeting (1).wav,,small,llama3.2:latest,"Here's a summary of the transcript:

The meeting is a weekly product sync, and the agenda includes updating the launch timeline, reviewing the budget, and addressing open bugs. 

* Sarah provides an update on the launch timeline, stating that they are on track for the 15th of next month. The main risk is the payment integration, which is taking longer than expected.
* The budget review shows that they are currently under budget by about 8% for this quarter, but they need to monitor cloud hosting costs.
* The open bugs are discussed, with 12 open bugs and 4 high-priority ones. Two engineers will be assigned to focus on the high-priority bugs.
* The meeting also includes a discussion on scheduling a follow-up meeting with the marketing team before the launch, which will take place next Tuesday.

Overall, the meeting focuses on progress, priorities, and ongoing tasks to ensure the successful launch of the product.",.gradio\flagged\Download Transcript\ca87492e0f3778c6ae82\transcript.txt,2026-08-16 13:36:33.821008
